SNFTAB,,,,,,,,,,,,,,,,,,,,,,,,,,,,,,,,,,,,,,,,,,,,,,,,,,,,,,,,,,,,,,,,,,,,,,,,,,,,,,,,,,,,,,,,,,,,,,,,,,,,,,,,,,,,,,,,,,,,,,,,,,,,,,,,,,,,,,,,,,,,,,,,,,,,,,,,,,,,,,,,,,,,,,,,,,,,,,,,,,,,,,,,,,,,,,,,,,,,,,,,
SNF060,0,0,0,0,0,0,11,0,0,0,0,0,0,0,0,0,0,0,0,0,0,0,12,0,0,0,0,0,0,0,0,0,0,0,0,0,0,0,0,0,0,0,0,0,0,0,0,0,0,0,0,0,0,0,0,0,0,0,0,0,0,0,0,0,0,0,0,0,0,0,0,0,0,0,0,0,0,0,0,0,0,0,0,0,0,0,0,0,0,0,0,0,0,0,0,0,0,0,0,0,0,0,0,0,0,0,0,0,0,0,0,0,0,0,0,0,0,0,0,0,0,0,0,0,0,0,0,0,0,0,0,0,0,0,0,0,0,0,0,0,0,0,0,0,0,0,0,0,0,0,0,0,0,0,0,0,0,0,0,0,0,0,0,0,0,0,0,0,0,0,0,0,0,0,0,0,0,0,0,0,0,0,0,0,0,0,0,0,0,0,0,0,0,0,0,0,0,0,0,1215
SNF061,0,0,0,0,0,0,0,0,0,0,0,0,0,0,0,0,0,0,0,0,0,0,0,0,0,0,0,0,0,0,1115,1115,1115,1115,1115,1115,1115,1115,1115,1115,1115,1115,1115,1115,1115,1115,1115,1115,1115,1115,1115,1115,1115,1115,1115,1115,1115,1115,1115,1115,1115,1115,1115,1115,1115,1115,1115,1115,1115,1115,1115,1115,1115,1115,1115,1115,1115,1115,1115,1115,1115,1115,1115,1115,1115,1115,1115,1115,1115,1115,1115,1115,1115,1115,1115,1115,1115,1115,1115,1115,1115,1115,1115,1115,1115,1115,1115,1115,1115,1115,1115,1115,1115,1115,1115,1115,1115,1115,1115,1115,1115,1115,1115,1115,1115,1115,1115,1115,1115,1115,1115,1115,1115,1115,1115,1115,1115,1115,1115,1115,1115,1115,1115,1115,1115,1115,1115,1115,1115,0,0,0,0,0,0,0,0,0,0,0,0,0,0,0,0,0,0,0,0,0,0,0,0,0,0,0,0,0,0,0,0,0,0,0,0,0,0,0,0,0,0,0,0,0,0,0,0,0,0,0
SNF062,0,0,0,0,0,0,0,0,0,0,0,0,0,0,0,0,0,0,0,0,0,0,0,0,0,0,0,0,0,0,1115,1115,1115,1115,1115,1115,1115,1115,1115,1115,1115,1115,1115,1115,1115,1115,1115,1115,1115,1115,1115,1115,1115,1115,1115,1115,1115,1115,1115,1115,1115,1115,1115,1115,1115,1115,1115,1115,1115,1115,1115,1115,1115,1115,1115,1115,1115,1115,1115,1115,1115,1115,1115,1115,1115,1115,1115,1115,1115,1115,1115,1115,1115,1115,1115,1115,1115,1115,1115,1115,1115,1115,1115,1115,1115,1115,1115,1115,1115,1115,1115,1115,1115,1115,1115,1115,1115,1115,1115,1115,1115,1115,1115,1115,1115,1115,1115,1115,1115,1115,1115,1115,1115,1115,1115,1115,1115,1115,1115,1115,1115,1115,1115,1115,1115,1115,1115,1115,1115,0,0,0,0,0,0,0,0,0,0,0,0,0,0,0,0,0,0,0,0,0,0,0,0,0,0,0,0,0,0,0,0,0,0,0,0,0,0,0,0,0,0,0,0,0,0,0,0,0,0,0
SNF063,0,0,0,0,0,0,0,0,0,0,0,0,0,0,0,0,0,0,0,0,0,0,0,0,0,0,0,0,0,0,1115,1115,1115,1115,1115,1115,1115,1115,1115,1115,1115,1115,1115,1115,1115,1115,1115,1115,1115,1115,1115,1115,1115,1115,1115,1115,1115,1115,1115,1115,1115,1115,1115,1115,1115,1115,1115,1115,1115,1115,1115,1115,1115,1115,1115,1115,1115,1115,1115,1115,1115,1115,1115,1115,1115,1115,1115,1115,1115,1115,1115,1115,1115,1115,1115,1115,1115,1115,1115,1115,1115,1115,1115,1115,1115,1115,1115,1115,1115,1115,1115,1115,1115,1115,1115,1115,1115,1115,1115,1115,1115,1115,1115,1115,1115,1115,1115,1115,1115,1115,1115,1115,1115,1115,1115,1115,1115,1115,1115,1115,1115,1115,1115,1115,1115,1115,1115,1115,1115,0,0,0,0,0,0,0,0,0,0,0,0,0,0,0,0,0,0,0,0,0,0,0,0,0,0,0,0,0,0,0,0,0,0,0,0,0,0,0,0,0,0,0,0,0,0,0,0,0,0,0
SNF064,0,0,0,0,0,0,0,0,0,0,0,0,0,0,0,0,0,0,0,0,0,0,0,0,0,0,0,0,0,0,1115,1115,1115,1115,1115,1115,1115,1115,1115,1115,1115,1115,1115,1115,1115,1115,1115,1115,1115,1115,1115,1115,1115,1115,1115,1115,1115,1115,1115,1115,1115,1115,1115,1115,1115,1115,1115,1115,1115,1115,1115,1115,1115,1115,1115,1115,1115,1115,1115,1115,1115,1115,1115,1115,1115,1115,1115,1115,1115,1115,1115,1115,1115,1115,1115,1115,1115,1115,1115,1115,1115,1115,1115,1115,1115,1115,1115,1115,1115,1115,1115,1115,1115,1115,1115,1115,1115,1115,1115,1115,1115,1115,1115,1115,1115,1115,1115,1115,1115,1115,1115,1115,1115,1115,1115,1115,1115,1115,1115,1115,1115,1115,1115,1115,1115,1115,1115,1115,1115,0,0,0,0,0,0,0,0,0,0,0,0,0,0,0,0,0,0,0,0,0,0,0,0,0,0,0,0,0,0,0,0,0,0,0,0,0,0,0,0,0,0,0,0,0,0,0,0,0,0,0
SNF065,0,0,0,0,0,0,0,0,0,0,0,0,0,0,0,0,0,0,0,0,0,0,0,0,0,0,0,0,0,0,1115,1115,1115,1115,1115,1115,1115,1115,1115,1115,1115,1115,1115,1115,1115,1115,1115,1115,1115,1115,1115,1115,1115,1115,1115,1115,1115,1115,1115,1115,1115,1115,1115,1115,1115,1115,1115,1115,1115,1115,1115,1115,1115,1115,1115,1115,1115,1115,1115,1115,1115,1115,1115,1115,1115,1115,1115,1115,1115,1115,1115,1115,1115,1115,1115,1115,1115,1115,1115,1115,1115,1115,1115,1115,1115,1115,1115,1115,1115,1115,1115,1115,1115,1115,1115,1115,1115,1115,1115,1115,1115,1115,1115,1115,1115,1115,1115,1115,1115,1115,1115,1115,1115,1115,1115,1115,1115,1115,1115,1115,1115,1115,1115,1115,1115,1115,1115,1115,1115,0,0,0,0,0,0,0,0,0,0,0,0,0,0,0,0,0,0,0,0,0,0,0,0,0,0,0,0,0,0,0,0,0,0,0,0,0,0,0,0,0,0,0,0,0,0,0,0,0,0,0
SNF066,0,0,0,0,0,0,0,0,0,0,0,0,0,0,0,0,0,0,0,0,0,0,0,0,0,0,0,0,0,0,1115,1115,1115,1115,1115,1115,1115,1115,1115,1115,1115,1115,1115,1115,1115,1115,1115,1115,1115,1115,1115,1115,1115,1115,1115,1115,1115,1115,1115,1115,1115,1115,1115,1115,1115,1115,1115,1115,1115,1115,1115,1115,1115,1115,1115,1115,1115,1115,1115,1115,1115,1115,1115,1115,1115,1115,1115,1115,1115,1115,1115,1115,1115,1115,1115,1115,1115,1115,1115,1115,1115,1115,1115,1115,1115,1115,1115,1115,1115,1115,1115,1115,1115,1115,1115,1115,1115,1115,1115,1115,1115,1115,1115,1115,1115,1115,1115,1115,1115,1115,1115,1115,1115,1115,1115,1115,1115,1115,1115,1115,1115,1115,1115,1115,1115,1115,1115,1115,1115,0,0,0,0,0,0,0,0,0,0,0,0,0,0,0,0,0,0,0,0,0,0,0,0,0,0,0,0,0,0,0,0,0,0,0,0,0,0,0,0,0,0,0,0,0,0,0,0,0,0,0
SNF067,0,0,0,0,0,0,0,0,0,0,0,0,0,0,0,0,0,0,0,0,0,0,0,0,0,0,0,0,0,0,1115,1115,1115,1115,1115,1115,1115,1115,1115,1115,1115,1115,1115,1115,1115,1115,1115,1115,1115,1115,1115,1115,1115,1115,1115,1115,1115,1115,1115,1115,1115,1115,1115,1115,1115,1115,1115,1115,1115,1115,1115,1115,1115,1115,1115,1115,1115,1115,1115,1115,1115,1115,1115,1115,1115,1115,1115,1115,1115,1115,1115,1115,1115,1115,1115,1115,1115,1115,1115,1115,1115,1115,1115,1115,1115,1115,1115,1115,1115,1115,1115,1115,1115,1115,1115,1115,1115,1115,1115,1115,1115,1115,1115,1115,1115,1115,1115,1115,1115,1115,1115,1115,1115,1115,1115,1115,1115,1115,1115,1115,1115,1115,1115,1115,1115,1115,1115,1115,1115,0,0,0,0,0,0,0,0,0,0,0,0,0,0,0,0,0,0,0,0,0,0,0,0,0,0,0,0,0,0,0,0,0,0,0,0,0,0,0,0,0,0,0,0,0,0,0,0,0,0,0
SNF068,0,0,0,0,0,0,0,0,0,0,0,0,0,0,0,0,0,0,0,0,0,0,0,0,0,0,0,0,0,0,1115,1115,1115,1115,1115,1115,1115,1115,1115,1115,1115,1115,1115,1115,1115,1115,1115,1115,1115,1115,1115,1115,1115,1115,1115,1115,1115,1115,1115,1115,1115,1115,1115,1115,1115,1115,1115,1115,1115,1115,1115,1115,1115,1115,1115,1115,1115,1115,1115,1115,1115,1115,1115,1115,1115,1115,1115,1115,1115,1115,1115,1115,1115,1115,1115,1115,1115,1115,1115,1115,1115,1115,1115,1115,1115,1115,1115,1115,1115,1115,1115,1115,1115,1115,1115,1115,1115,1115,1115,1115,1115,1115,1115,1115,1115,1115,1115,1115,1115,1115,1115,1115,1115,1115,1115,1115,1115,1115,1115,1115,1115,1115,1115,1115,1115,1115,1115,1115,1115,0,0,0,0,0,0,0,0,0,0,0,0,0,0,0,0,0,0,0,0,0,0,0,0,0,0,0,0,0,0,0,0,0,0,0,0,0,0,0,0,0,0,0,0,0,0,0,0,0,0,0
SNF069,0,0,0,0,0,0,0,0,0,0,0,0,0,0,0,0,0,0,0,0,0,0,0,0,0,0,0,0,0,0,1115,1115,1115,1115,1115,1115,1115,1115,1115,1115,1115,1115,1115,1115,1115,1115,1115,1115,1115,1115,1115,1115,1115,1115,1115,1115,1115,1115,1115,1115,1115,1115,1115,1115,1115,1115,1115,1115,1115,1115,1115,1115,1115,1115,1115,1115,1115,1115,1115,1115,1115,1115,1115,1115,1115,1115,1115,1115,1115,1115,1115,1115,1115,1115,1115,1115,1115,1115,1115,1115,1115,1115,1115,1115,1115,1115,1115,1115,1115,1115,1115,1115,1115,1115,1115,1115,1115,1115,1115,1115,1115,1115,1115,1115,1115,1115,1115,1115,1115,1115,1115,1115,1115,1115,1115,1115,1115,1115,1115,1115,1115,1115,1115,1115,1115,1115,1115,1115,1115,0,0,0,0,0,0,0,0,0,0,0,0,0,0,0,0,0,0,0,0,0,0,0,0,0,0,0,0,0,0,0,0,0,0,0,0,0,0,0,0,0,0,0,0,0,0,0,0,0,0,0
SNF070,0,0,0,0,0,0,0,0,0,0,0,0,0,0,0,0,0,0,0,0,0,0,0,0,0,0,0,0,0,0,1115,1115,1115,1115,1115,1115,1115,1115,1115,1115,1115,1115,1115,1115,1115,1115,1115,1115,1115,1115,1115,1115,1115,1115,1115,1115,1115,1115,1115,1115,1115,1115,1115,1115,1115,1115,1115,1115,1115,1115,1115,1115,1115,1115,1115,1115,1115,1115,1115,1115,1115,1115,1115,1115,1115,1115,1115,1115,1115,1115,1115,1115,1115,1115,1115,1115,1115,1115,1115,1115,1115,1115,1115,1115,1115,1115,1115,1115,1115,1115,1115,1115,1115,1115,1115,1115,1115,1115,1115,1115,1115,1115,1115,1115,1115,1115,1115,1115,1115,1115,1115,1115,1115,1115,1115,1115,1115,1115,1115,1115,1115,1115,1115,1115,1115,1115,1115,1115,1115,0,0,0,0,0,0,0,0,0,0,0,0,0,0,0,0,0,0,0,0,0,0,0,0,0,0,0,0,0,0,0,0,0,0,0,0,0,0,0,0,0,0,0,0,0,0,0,0,0,0,0
SNF071,0,0,0,0,0,0,0,0,0,0,0,0,0,0,0,0,0,0,0,0,0,0,0,0,0,0,0,0,0,0,1115,1115,1115,1115,1115,1115,1115,1115,1115,1115,1115,1115,1115,1115,1115,1115,1115,1115,1115,1115,1115,1115,1115,1115,1115,1115,1115,1115,1115,1115,1115,1115,1115,1115,1115,1115,1115,1115,1115,1115,1115,1115,1115,1115,1115,1115,1115,1115,1115,1115,1115,1115,1115,1115,1115,1115,1115,1115,1115,1115,1115,1115,1115,1115,1115,1115,1115,1115,1115,1115,1115,1115,1115,1115,1115,1115,1115,1115,1115,1115,1115,1115,1115,1115,1115,1115,1115,1115,1115,1115,1115,1115,1115,1115,1115,1115,1115,1115,1115,1115,1115,1115,1115,1115,1115,1115,1115,1115,1115,1115,1115,1115,1115,1115,1115,1115,1115,1115,1115,0,0,0,0,0,0,0,0,0,0,0,0,0,0,0,0,0,0,0,0,0,0,0,0,0,0,0,0,0,0,0,0,0,0,0,0,0,0,0,0,0,0,0,0,0,0,0,0,0,0,0
SNF072,0,0,0,0,0,0,0,0,0,0,0,0,0,0,0,0,0,0,0,0,0,0,0,0,0,0,0,0,0,0,1115,1115,1115,1115,1115,1115,1115,1115,1115,1115,1115,1115,1115,1115,1115,1115,1115,1115,1115,1115,1115,1115,1115,1115,1115,1115,1115,1115,1115,1115,1115,1115,1115,1115,1115,1115,1115,1115,1115,1115,1115,1115,1115,1115,1115,1115,1115,1115,1115,1115,1115,1115,1115,1115,1115,1115,1115,1115,1115,1115,1115,1115,1115,1115,1115,1115,1115,1115,1115,1115,1115,1115,1115,1115,1115,1115,1115,1115,1115,1115,1115,1115,1115,1115,1115,1115,1115,1115,1115,1115,1115,1115,1115,1115,1115,1115,1115,1115,1115,1115,1115,1115,1115,1115,1115,1115,1115,1115,1115,1115,1115,1115,1115,1115,1115,1115,1115,1115,1115,0,0,0,0,0,0,0,0,0,0,0,0,0,0,0,0,0,0,0,0,0,0,0,0,0,0,0,0,0,0,0,0,0,0,0,0,0,0,0,0,0,0,0,0,0,0,0,0,0,0,0
SNF073,0,0,0,0,0,0,0,0,0,0,0,0,0,0,0,0,0,0,0,0,0,0,0,0,0,0,0,0,0,0,1115,1115,1115,1115,1115,1115,1115,1115,1115,1115,1115,1115,1115,1115,1115,1115,1115,1115,1115,1115,1115,1115,1115,1115,1115,1115,1115,1115,1115,1115,1115,1115,1115,1115,1115,1115,1115,1115,1115,1115,1115,1115,1115,1115,1115,1115,1115,1115,1115,1115,1115,1115,1115,1115,1115,1115,1115,1115,1115,1115,1115,1115,1115,1115,1115,1115,1115,1115,1115,1115,1115,1115,1115,1115,1115,1115,1115,1115,1115,1115,1115,1115,1115,1115,1115,1115,1115,1115,1115,1115,1115,1115,1115,1115,1115,1115,1115,1115,1115,1115,1115,1115,1115,1115,1115,1115,1115,1115,1115,1115,1115,1115,1115,1115,1115,1115,1115,1115,1115,0,0,0,0,0,0,0,0,0,0,0,0,0,0,0,0,0,0,0,0,0,0,0,0,0,0,0,0,0,0,0,0,0,0,0,0,0,0,0,0,0,0,0,0,0,0,0,0,0,0,0
SNF074,0,0,0,0,0,0,0,0,0,0,0,0,0,0,0,0,0,0,0,0,0,0,0,0,0,0,0,0,0,0,1115,1115,1115,1115,1115,1115,1115,1115,1115,1115,1115,1115,1115,1115,1115,1115,1115,1115,1115,1115,1115,1115,1115,1115,1115,1115,1115,1115,1115,1115,1115,1115,1115,1115,1115,1115,1115,1115,1115,1115,1115,1115,1115,1115,1115,1115,1115,1115,1115,1115,1115,1115,1115,1115,1115,1115,1115,1115,1115,1115,1115,1115,1115,1115,1115,1115,1115,1115,1115,1115,1115,1115,1115,1115,1115,1115,1115,1115,1115,1115,1115,1115,1115,1115,1115,1115,1115,1115,1115,1115,1115,1115,1115,1115,1115,1115,1115,1115,1115,1115,1115,1115,1115,1115,1115,1115,1115,1115,1115,1115,1115,1115,1115,1115,1115,1115,1115,1115,1115,0,0,0,0,0,0,0,0,0,0,0,0,0,0,0,0,0,0,0,0,0,0,0,0,0,0,0,0,0,0,0,0,0,0,0,0,0,0,0,0,0,0,0,0,0,0,0,0,0,0,0
SNF075,0,0,0,0,0,0,0,0,0,0,0,0,0,0,0,0,0,0,0,0,0,0,0,0,0,0,0,0,0,0,1115,1115,1115,1115,1115,1115,1115,1115,1115,1115,1115,1115,1115,1115,1115,1115,1115,1115,1115,1115,1115,1115,1115,1115,1115,1115,1115,1115,1115,1115,1115,1115,1115,1115,1115,1115,1115,1115,1115,1115,1115,1115,1115,1115,1115,1115,1115,1115,1115,1115,1115,1115,1115,1115,1115,1115,1115,1115,1115,1115,1115,1115,1115,1115,1115,1115,1115,1115,1115,1115,1115,1115,1115,1115,1115,1115,1115,1115,1115,1115,1115,1115,1115,1115,1115,1115,1115,1115,1115,1115,1115,1115,1115,1115,1115,1115,1115,1115,1115,1115,1115,1115,1115,1115,1115,1115,1115,1115,1115,1115,1115,1115,1115,1115,1115,1115,1115,1115,1115,0,0,0,0,0,0,0,0,0,0,0,0,0,0,0,0,0,0,0,0,0,0,0,0,0,0,0,0,0,0,0,0,0,0,0,0,0,0,0,0,0,0,0,0,0,0,0,0,0,0,0
SNF076,0,0,0,0,0,0,0,0,0,0,0,0,0,0,0,0,0,0,0,0,0,0,0,0,0,0,0,0,0,0,1115,1115,1115,1115,1115,1115,1115,1115,1115,1115,1115,1115,1115,1115,1115,1115,1115,1115,1115,1115,1115,1115,1115,1115,1115,1115,1115,1115,1115,1115,1115,1115,1115,1115,1115,1115,1115,1115,1115,1115,1115,1115,1115,1115,1115,1115,1115,1115,1115,1115,1115,1115,1115,1115,1115,1115,1115,1115,1115,1115,1115,1115,1115,1115,1115,1115,1115,1115,1115,1115,1115,1115,1115,1115,1115,1115,1115,1115,1115,1115,1115,1115,1115,1115,1115,1115,1115,1115,1115,1115,1115,1115,1115,1115,1115,1115,1115,1115,1115,1115,1115,1115,1115,1115,1115,1115,1115,1115,1115,1115,1115,1115,1115,1115,1115,1115,1115,1115,1115,0,0,0,0,0,0,0,0,0,0,0,0,0,0,0,0,0,0,0,0,0,0,0,0,0,0,0,0,0,0,0,0,0,0,0,0,0,0,0,0,0,0,0,0,0,0,0,0,0,0,0
SNF077,0,0,0,0,0,0,0,0,0,0,0,0,0,0,0,0,0,0,0,0,0,0,0,0,0,0,0,0,0,0,1115,1115,1115,1115,1115,1115,1115,1115,1115,1115,1115,1115,1115,1115,1115,1115,1115,1115,1115,1115,1115,1115,1115,1115,1115,1115,1115,1115,1115,1115,1115,1115,1115,1115,1115,1115,1115,1115,1115,1115,1115,1115,1115,1115,1115,1115,1115,1115,1115,1115,1115,1115,1115,1115,1115,1115,1115,1115,1115,1115,1115,1115,1115,1115,1115,1115,1115,1115,1115,1115,1115,1115,1115,1115,1115,1115,1115,1115,1115,1115,1115,1115,1115,1115,1115,1115,1115,1115,1115,1115,1115,1115,1115,1115,1115,1115,1115,1115,1115,1115,1115,1115,1115,1115,1115,1115,1115,1115,1115,1115,1115,1115,1115,1115,1115,1115,1115,1115,1115,0,0,0,0,0,0,0,0,0,0,0,0,0,0,0,0,0,0,0,0,0,0,0,0,0,0,0,0,0,0,0,0,0,0,0,0,0,0,0,0,0,0,0,0,0,0,0,0,0,0,0
SNF078,0,0,0,0,0,0,0,0,0,0,0,0,0,0,0,0,0,0,0,0,0,0,0,0,0,0,0,0,0,0,1115,1115,1115,1115,1115,1115,1115,1115,1115,1115,1115,1115,1115,1115,1115,1115,1115,1115,1115,1115,1115,1115,1115,1115,1115,1115,1115,1115,1115,1115,1115,1115,1115,1115,1115,1115,1115,1115,1115,1115,1115,1115,1115,1115,1115,1115,1115,1115,1115,1115,1115,1115,1115,1115,1115,1115,1115,1115,1115,1115,1115,1115,1115,1115,1115,1115,1115,1115,1115,1115,1115,1115,1115,1115,1115,1115,1115,1115,1115,1115,1115,1115,1115,1115,1115,1115,1115,1115,1115,1115,1115,1115,1115,1115,1115,1115,1115,1115,1115,1115,1115,1115,1115,1115,1115,1115,1115,1115,1115,1115,1115,1115,1115,1115,1115,1115,1115,1115,1115,0,0,0,0,0,0,0,0,0,0,0,0,0,0,0,0,0,0,0,0,0,0,0,0,0,0,0,0,0,0,0,0,0,0,0,0,0,0,0,0,0,0,0,0,0,0,0,0,0,0,0
SNF079,12,0,0,0,0,0,0,0,0,0,0,0,0,0,0,0,0,0,0,0,0,0,0,0,0,0,0,0,0,0,1115,1115,1115,1115,1115,1115,1115,1115,1115,1115,1115,1115,1115,1115,1115,1115,1115,1115,1115,1115,1115,1115,1115,1115,1115,1115,1115,1115,1115,1115,1115,1115,1115,1115,1115,1115,1115,1115,1115,1115,1115,1115,1115,1115,1115,1115,1115,1115,1115,1115,1115,1115,1115,1115,1115,1115,1115,1115,1115,1115,1115,1115,1115,1115,1115,1115,1115,1115,1115,1115,1115,1115,1115,1115,1115,1115,1115,1115,1115,1115,1115,1115,1115,1115,1115,1115,1115,1115,1115,1115,1115,1115,1115,1115,1115,1115,1115,1115,1115,1115,1115,1115,1115,1115,1115,1115,1115,1115,1115,1115,1115,1115,1115,1115,1115,1115,1115,1115,1115,0,0,0,0,0,0,0,0,0,0,0,0,0,0,0,0,0,0,0,0,0,0,0,0,0,0,0,0,0,0,0,0,0,0,0,0,0,0,0,0,0,0,0,0,0,0,0,0,0,0,0
SNF080,0,0,0,0,0,0,0,0,0,0,0,0,0,0,0,0,0,0,0,0,0,0,0,0,0,0,0,0,0,0,1115,1115,1115,1115,1115,1115,1115,1115,1115,1115,1115,1115,1115,1115,1115,1115,1115,1115,1115,1115,1115,1115,1115,1115,1115,1115,1115,1115,1115,1115,1115,1115,1115,1115,1115,1115,1115,1115,1115,1115,1115,1115,1115,1115,1115,1115,1115,1115,1115,1115,1115,1115,1115,1115,1115,1115,1115,1115,1115,1115,1115,1115,1115,1115,1115,1115,1115,1115,1115,1115,1115,1115,1115,1115,1115,1115,1115,1115,1115,1115,1115,1115,1115,1115,1115,1115,1115,1115,1115,1115,1115,1115,1115,1115,1115,1115,1115,1115,1115,1115,1115,1115,1115,1115,1115,1115,1115,1115,1115,1115,1115,1115,1115,1115,1115,1115,1115,1115,1115,0,0,0,0,0,0,0,0,0,0,0,0,0,0,0,0,0,0,0,0,0,0,0,0,0,0,0,0,0,0,0,0,0,0,0,0,0,0,0,0,0,0,0,0,0,0,0,0,0,0,0
SNF081,0,0,0,0,0,0,0,0,0,0,0,0,0,0,0,0,0,0,0,0,0,0,0,0,0,0,0,0,0,0,1115,1115,1115,1115,1115,1115,1115,1115,1115,1115,1115,1115,1115,1115,1115,1115,1115,1115,1115,1115,1115,1115,1115,1115,1115,1115,1115,1115,1115,1115,1115,1115,1115,1115,1115,1115,1115,1115,1115,1115,1115,1115,1115,1115,1115,1115,1115,1115,1115,1115,1115,1115,1115,1115,1115,1115,1115,1115,1115,1115,1115,1115,1115,1115,1115,1115,1115,1115,1115,1115,1115,1115,1115,1115,1115,1115,1115,1115,1115,1115,1115,1115,1115,1115,1115,1115,1115,1115,1115,1115,1115,1115,1115,1115,1115,1115,1115,1115,1115,1115,1115,1115,1115,1115,1115,1115,1115,1115,1115,1115,1115,1115,1115,1115,1115,1115,1115,1115,1115,0,0,0,0,0,0,0,0,0,0,0,0,0,0,0,0,0,0,0,0,0,0,0,0,0,0,0,0,0,0,0,0,0,0,0,0,0,0,0,0,0,0,0,0,0,0,0,0,0,0,0
SNF082,0,0,0,0,0,0,0,0,0,0,0,0,0,0,0,0,0,0,0,0,0,0,0,0,0,0,0,0,0,0,1115,1115,1115,1115,1115,1115,1115,1115,1115,1115,1115,1115,1115,1115,1115,1115,1115,1115,1115,1115,1115,1115,1115,1115,1115,1115,1115,1115,1115,1115,1115,1115,1115,1115,1115,1115,1115,1115,1115,1115,1115,1115,1115,1115,1115,1115,1115,1115,1115,1115,1115,1115,1115,1115,1115,1115,1115,1115,1115,1115,1115,1115,1115,1115,1115,1115,1115,1115,1115,1115,1115,1115,1115,1115,1115,1115,1115,1115,1115,1115,1115,1115,1115,1115,1115,1115,1115,1115,1115,1115,1115,1115,1115,1115,1115,1115,1115,1115,1115,1115,1115,1115,1115,1115,1115,1115,1115,1115,1115,1115,1115,1115,1115,1115,1115,1115,1115,1115,1115,0,0,0,0,0,0,0,0,0,0,0,0,0,0,0,0,0,0,0,0,0,0,0,0,0,0,0,0,0,0,0,0,0,0,0,0,0,0,0,0,0,0,0,0,0,0,0,0,0,0,0
SNF083,0,0,0,0,0,0,0,0,0,0,0,0,0,0,0,0,0,0,0,0,0,0,0,0,0,0,0,0,0,0,1115,1115,1115,1115,1115,1115,1115,1115,1115,1115,1115,1115,1115,1115,1115,1115,1115,1115,1115,1115,1115,1115,1115,1115,1115,1115,1115,1115,1115,1115,1115,1115,1115,1115,1115,1115,1115,1115,1115,1115,1115,1115,1115,1115,1115,1115,1115,1115,1115,1115,1115,1115,1115,1115,1115,1115,1115,1115,1115,1115,1115,1115,1115,1115,1115,1115,1115,1115,1115,1115,1115,1115,1115,1115,1115,1115,1115,1115,1115,1115,1115,1115,1115,1115,1115,1115,1115,1115,1115,1115,1115,1115,1115,1115,1115,1115,1115,1115,1115,1115,1115,1115,1115,1115,1115,1115,1115,1115,1115,1115,1115,1115,1115,1115,1115,1115,1115,1115,1115,0,0,0,0,0,0,0,0,0,0,0,0,0,0,0,0,0,0,0,0,0,0,0,0,0,0,0,0,0,0,0,0,0,0,0,0,0,0,0,0,0,0,0,0,0,0,0,0,0,0,0
SNF084,0,0,0,0,0,0,0,0,0,0,0,0,0,0,0,0,0,0,0,0,0,0,0,0,0,0,0,0,0,0,1115,1115,1115,1115,1115,1115,1115,1115,1115,1115,1115,1115,1115,1115,1115,1115,1115,1115,1115,1115,1115,1115,1115,1115,1115,1115,1115,1115,1115,1115,1115,1115,1115,1115,1115,1115,1115,1115,1115,1115,1115,1115,1115,1115,1115,1115,1115,1115,1115,1115,1115,1115,1115,1115,1115,1115,1115,1115,1115,1115,1115,1115,1115,1115,1115,1115,1115,1115,1115,1115,1115,1115,1115,1115,1115,1115,1115,1115,1115,1115,1115,1115,1115,1115,1115,1115,1115,1115,1115,1115,1115,1115,1115,1115,1115,1115,1115,1115,1115,1115,1115,1115,1115,1115,1115,1115,1115,1115,1115,1115,1115,1115,1115,1115,1115,1115,1115,1115,1115,0,0,0,0,0,0,0,0,0,0,0,0,0,0,0,0,0,0,0,0,0,0,0,0,0,0,0,0,0,0,0,0,0,0,0,0,0,0,0,0,0,0,0,0,0,0,0,0,0,0,0
SNF085,0,0,0,0,0,0,0,0,0,0,0,0,0,0,0,0,0,0,0,0,0,0,0,0,0,0,0,0,0,0,1115,1115,1115,1115,1115,1115,1115,1115,1115,1115,1115,1115,1115,1115,1115,1115,1115,1115,1115,1115,1115,1115,1115,1115,1115,1115,1115,1115,1115,1115,1115,1115,1115,1115,1115,1115,1115,1115,1115,1115,1115,1115,1115,1115,1115,1115,1115,1115,1115,1115,1115,1115,1115,1115,1115,1115,1115,1115,1115,1115,1115,1115,1115,1115,1115,1115,1115,1115,1115,1115,1115,1115,1115,1115,1115,1115,1115,1115,1115,1115,1115,1115,1115,1115,1115,1115,1115,1115,1115,1115,1115,1115,1115,1115,1115,1115,1115,1115,1115,1115,1115,1115,1115,1115,1115,1115,1115,1115,1115,1115,1115,1115,1115,1115,1115,1115,1115,1115,1115,0,0,0,0,0,0,0,0,0,0,0,0,0,0,0,0,0,0,0,0,0,0,0,0,0,0,0,0,0,0,0,0,0,0,0,0,0,0,0,0,0,0,0,0,0,0,0,0,0,0,0
SNF086,0,0,0,0,0,0,0,0,0,0,0,0,0,0,0,0,0,0,0,0,0,0,0,0,0,0,0,0,0,0,1115,1115,1115,1115,1115,1115,1115,1115,1115,1115,1115,1115,1115,1115,1115,1115,1115,1115,1115,1115,1115,1115,1115,1115,1115,1115,1115,1115,1115,1115,1115,1115,1115,1115,1115,1115,1115,1115,1115,1115,1115,1115,1115,1115,1115,1115,1115,1115,1115,1115,1115,1115,1115,1115,1115,1115,1115,1115,1115,1115,1115,1115,1115,1115,1115,1115,1115,1115,1115,1115,1115,1115,1115,1115,1115,1115,1115,1115,1115,1115,1115,1115,1115,1115,1115,1115,1115,1115,1115,1115,1115,1115,1115,1115,1115,1115,1115,1115,1115,1115,1115,1115,1115,1115,1115,1115,1115,1115,1115,1115,1115,1115,1115,1115,1115,1115,1115,1115,1115,0,0,0,0,0,0,0,0,0,0,0,0,0,0,0,0,0,0,0,0,0,0,0,0,0,0,0,0,0,0,0,0,0,0,0,0,0,0,0,0,0,0,0,0,0,0,0,0,0,0,0
SNF087,0,0,0,0,0,0,0,0,0,0,0,0,0,0,0,0,0,0,0,0,0,0,0,0,0,0,0,0,0,0,1115,1115,1115,1115,1115,1115,1115,1115,1115,1115,1115,1115,1115,1115,1115,1115,1115,1115,1115,1115,1115,1115,1115,1115,1115,1115,1115,1115,1115,1115,1115,1115,1115,1115,1115,1115,1115,1115,1115,1115,1115,1115,1115,1115,1115,1115,1115,1115,1115,1115,1115,1115,1115,1115,1115,1115,1115,1115,1115,1115,1115,1115,1115,1115,1115,1115,1115,1115,1115,1115,1115,1115,1115,1115,1115,1115,1115,1115,1115,1115,1115,1115,1115,1115,1115,1115,1115,1115,1115,1115,1115,1115,1115,1115,1115,1115,1115,1115,1115,1115,1115,1115,1115,1115,1115,1115,1115,1115,1115,1115,1115,1115,1115,1115,1115,1115,1115,1115,1115,0,0,0,0,0,0,0,0,0,0,0,0,0,0,0,0,0,0,0,0,0,0,0,0,0,0,0,0,0,0,0,0,0,0,0,0,0,0,0,0,0,0,0,0,0,0,0,0,0,0,0
SNF088,0,0,0,0,0,0,0,0,0,0,0,0,0,0,0,0,0,0,0,0,0,0,0,0,0,0,0,0,0,0,1115,1115,1115,1115,1115,1115,1115,1115,1115,1115,1115,1115,1115,1115,1115,1115,1115,1115,1115,1115,1115,1115,1115,1115,1115,1115,1115,1115,1115,1115,1115,1115,1115,1115,1115,1115,1115,1115,1115,1115,1115,1115,1115,1115,1115,1115,1115,1115,1115,1115,1115,1115,1115,1115,1115,1115,1115,1115,1115,1115,1115,1115,1115,1115,1115,1115,1115,1115,1115,1115,1115,1115,1115,1115,1115,1115,1115,1115,1115,1115,1115,1115,1115,1115,1115,1115,1115,1115,1115,1115,1115,1115,1115,1115,1115,1115,1115,1115,1115,1115,1115,1115,1115,1115,1115,1115,1115,1115,1115,1115,1115,1115,1115,1115,1115,1115,1115,1115,1115,0,0,0,0,0,0,0,0,0,0,0,0,0,0,0,0,0,0,0,0,0,0,0,0,0,0,0,0,0,0,0,0,0,0,0,0,0,0,0,0,0,0,0,0,0,0,0,0,0,0,0
SNF089,0,0,0,0,0,0,0,0,0,0,0,0,0,0,0,0,0,0,0,0,0,0,0,0,0,0,0,0,0,0,1115,1115,1115,1115,1115,1115,1115,1115,1115,1115,1115,1115,1115,1115,1115,1115,1115,1115,1115,1115,1115,1115,1115,1115,1115,1115,1115,1115,1115,1115,1115,1115,1115,1115,1115,1115,1115,1115,1115,1115,1115,1115,1115,1115,1115,1115,1115,1115,1115,1115,1115,1115,1115,1115,1115,1115,1115,1115,1115,1115,1115,1115,1115,1115,1115,1115,1115,1115,1115,1115,1115,1115,1115,1115,1115,1115,1115,1115,1115,1115,1115,1115,1115,1115,1115,1115,1115,1115,1115,1115,1115,1115,1115,1115,1115,1115,1115,1115,1115,1115,1115,1115,1115,1115,1115,1115,1115,1115,1115,1115,1115,1115,1115,1115,1115,1115,1115,1115,1115,0,0,0,0,0,0,0,0,0,0,0,0,0,0,0,0,0,0,0,0,0,0,0,0,0,0,0,0,0,0,0,0,0,0,0,0,0,0,0,0,0,0,0,0,0,0,0,0,0,0,0
SNF090,0,0,0,0,0,0,0,0,0,0,0,0,0,0,0,0,0,0,0,0,0,0,0,0,0,0,0,0,0,0,1115,1115,1115,1115,1115,1115,1115,1115,1115,1115,1115,1115,1115,1115,1115,1115,1115,1115,1115,1115,1115,1115,1115,1115,1115,1115,1115,1115,1115,1115,1115,1115,1115,1115,1115,1115,1115,1115,1115,1115,1115,1115,1115,1115,1115,1115,1115,1115,1115,1115,1115,1115,1115,1115,1115,1115,1115,1115,1115,1115,1115,1115,1115,1115,1115,1115,1115,1115,1115,1115,1115,1115,1115,1115,1115,1115,1115,1115,1115,1115,1115,1115,1115,1115,1115,1115,1115,1115,1115,1115,1115,1115,1115,1115,1115,1115,1115,1115,1115,1115,1115,1115,1115,1115,1115,1115,1115,1115,1115,1115,1115,1115,1115,1115,1115,1115,1115,1115,1115,0,0,0,0,0,0,0,0,0,0,0,0,0,0,0,0,0,0,0,0,0,0,0,0,0,0,0,0,0,0,0,0,0,0,0,0,0,0,0,0,0,0,0,0,0,0,0,0,0,0,0
SNF091,0,0,0,0,0,0,0,0,0,0,0,0,0,0,0,0,0,0,0,0,0,0,0,0,0,0,0,0,0,0,1115,1115,1115,1115,1115,1115,1115,1115,1115,1115,1115,1115,1115,1115,1115,1115,1115,1115,1115,1115,1115,1115,1115,1115,1115,1115,1115,1115,1115,1115,1115,1115,1115,1115,1115,1115,1115,1115,1115,1115,1115,1115,1115,1115,1115,1115,1115,1115,1115,1115,1115,1115,1115,1115,1115,1115,1115,1115,1115,1115,1115,1115,1115,1115,1115,1115,1115,1115,1115,1115,1115,1115,1115,1115,1115,1115,1115,1115,1115,1115,1115,1115,1115,1115,1115,1115,1115,1115,1115,1115,1115,1115,1115,1115,1115,1115,1115,1115,1115,1115,1115,1115,1115,1115,1115,1115,1115,1115,1115,1115,1115,1115,1115,1115,1115,1115,1115,1115,1115,0,0,0,0,0,0,0,0,0,0,0,0,0,0,0,0,0,0,0,0,0,0,0,0,0,0,0,0,0,0,0,0,0,0,0,0,0,0,0,0,0,0,0,0,0,0,0,0,0,0,0
SNF092,0,0,0,0,0,0,0,0,0,0,0,0,0,0,0,0,0,0,0,0,0,0,0,0,0,0,0,0,0,0,1115,1115,1115,1115,1115,1115,1115,1115,1115,1115,1115,1115,1115,1115,1115,1115,1115,1115,1115,1115,1115,1115,1115,1115,1115,1115,1115,1115,1115,1115,1115,1115,1115,1115,1115,1115,1115,1115,1115,1115,1115,1115,1115,1115,1115,1115,1115,1115,1115,1115,1115,1115,1115,1115,1115,1115,1115,1115,1115,1115,1115,1115,1115,1115,1115,1115,1115,1115,1115,1115,1115,1115,1115,1115,1115,1115,1115,1115,1115,1115,1115,1115,1115,1115,1115,1115,1115,1115,1115,1115,1115,1115,1115,1115,1115,1115,1115,1115,1115,1115,1115,1115,1115,1115,1115,1115,1115,1115,1115,1115,1115,1115,1115,1115,1115,1115,1115,1115,1115,0,0,0,0,0,0,0,0,0,0,0,0,0,0,0,0,0,0,0,0,0,0,0,0,0,0,0,0,0,0,0,0,0,0,0,0,0,0,0,0,0,0,0,0,0,0,0,0,0,0,0
SNF093,0,0,0,0,0,0,0,0,0,0,0,0,0,0,0,0,0,0,0,0,0,0,0,0,0,0,0,0,0,0,1115,1115,1115,1115,1115,1115,1115,1115,1115,1115,1115,1115,1115,1115,1115,1115,1115,1115,1115,1115,1115,1115,1115,1115,1115,1115,1115,1115,1115,1115,1115,1115,1115,1115,1115,1115,1115,1115,1115,1115,1115,1115,1115,1115,1115,1115,1115,1115,1115,1115,1115,1115,1115,1115,1115,1115,1115,1115,1115,1115,1115,1115,1115,1115,1115,1115,1115,1115,1115,1115,1115,1115,1115,1115,1115,1115,1115,1115,1115,1115,1115,1115,1115,1115,1115,1115,1115,1115,1115,1115,1115,1115,1115,1115,1115,1115,1115,1115,1115,1115,1115,1115,1115,1115,1115,1115,1115,1115,1115,1115,1115,1115,1115,1115,1115,1115,1115,1115,1115,0,0,0,0,0,0,0,0,0,0,0,0,0,0,0,0,0,0,0,0,0,0,0,0,0,0,0,0,0,0,0,0,0,0,0,0,0,0,0,0,0,0,0,0,0,0,0,0,0,0,0
SNF094,0,0,0,0,0,0,0,0,0,0,0,0,0,0,0,0,0,0,0,0,0,0,0,0,0,0,0,0,0,0,1115,1115,1115,1115,1115,1115,1115,1115,1115,1115,1115,1115,1115,1115,1115,1115,1115,1115,1115,1115,1115,1115,1115,1115,1115,1115,1115,1115,1115,1115,1115,1115,1115,1115,1115,1115,1115,1115,1115,1115,1115,1115,1115,1115,1115,1115,1115,1115,1115,1115,1115,1115,1115,1115,1115,1115,1115,1115,1115,1115,1115,1115,1115,1115,1115,1115,1115,1115,1115,1115,1115,1115,1115,1115,1115,1115,1115,1115,1115,1115,1115,1115,1115,1115,1115,1115,1115,1115,1115,1115,1115,1115,1115,1115,1115,1115,1115,1115,1115,1115,1115,1115,1115,1115,1115,1115,1115,1115,1115,1115,1115,1115,1115,1115,1115,1115,1115,1115,1115,0,0,0,0,0,0,0,0,0,0,0,0,0,0,0,0,0,0,0,0,0,0,0,0,0,0,0,0,0,0,0,0,0,0,0,0,0,0,0,0,0,0,0,0,0,0,0,0,0,0,0
SNF095,0,0,0,0,0,0,0,0,0,0,0,0,0,0,0,0,0,0,0,0,0,0,0,0,0,0,0,0,0,0,1115,1115,1115,1115,1115,1115,1115,1115,1115,1115,1115,1115,1115,1115,1115,1115,1115,1115,1115,1115,1115,1115,1115,1115,1115,1115,1115,1115,1115,1115,1115,1115,1115,1115,1115,1115,1115,1115,1115,1115,1115,1115,1115,1115,1115,1115,1115,1115,1115,1115,1115,1115,1115,1115,1115,1115,1115,1115,1115,1115,1115,1115,1115,1115,1115,1115,1115,1115,1115,1115,1115,1115,1115,1115,1115,1115,1115,1115,1115,1115,1115,1115,1115,1115,1115,1115,1115,1115,1115,1115,1115,1115,1115,1115,1115,1115,1115,1115,1115,1115,1115,1115,1115,1115,1115,1115,1115,1115,1115,1115,1115,1115,1115,1115,1115,1115,1115,1115,1115,0,0,0,0,0,0,0,0,0,0,0,0,0,0,0,0,0,0,0,0,0,0,0,0,0,0,0,0,0,0,0,0,0,0,0,0,0,0,0,0,0,0,0,0,0,0,0,0,0,0,0
SNF096,0,0,0,0,0,0,0,0,0,0,0,0,0,0,0,0,0,0,0,0,0,0,0,0,0,0,0,0,0,0,1115,1115,1115,1115,1115,1115,1115,1115,1115,1115,1115,1115,1115,1115,1115,1115,1115,1115,1115,1115,1115,1115,1115,1115,1115,1115,1115,1115,1115,1115,1115,1115,1115,1115,1115,1115,1115,1115,1115,1115,1115,1115,1115,1115,1115,1115,1115,1115,1115,1115,1115,1115,1115,1115,1115,1115,1115,1115,1115,1115,1115,1115,1115,1115,1115,1115,1115,1115,1115,1115,1115,1115,1115,1115,1115,1115,1115,1115,1115,1115,1115,1115,1115,1115,1115,1115,1115,1115,1115,1115,1115,1115,1115,1115,1115,1115,1115,1115,1115,1115,1115,1115,1115,1115,1115,1115,1115,1115,1115,1115,1115,1115,1115,1115,1115,1115,1115,1115,1115,0,0,0,0,0,0,0,0,0,0,0,0,0,0,0,0,0,0,0,0,0,0,0,0,0,0,0,0,0,0,0,0,0,0,0,0,0,0,0,0,0,0,0,0,0,0,0,0,0,0,0
SNF097,0,0,0,0,0,0,0,0,0,0,0,0,0,0,0,0,0,0,0,0,0,0,0,0,0,0,0,0,0,0,1115,1115,1115,1115,1115,1115,1115,1115,1115,1115,1115,1115,1115,1115,1115,1115,1115,1115,1115,1115,1115,1115,1115,1115,1115,1115,1115,1115,1115,1115,1115,1115,1115,1115,1115,1115,1115,1115,1115,1115,1115,1115,1115,1115,1115,1115,1115,1115,1115,1115,1115,1115,1115,1115,1115,1115,1115,1115,1115,1115,1115,1115,1115,1115,1115,1115,1115,1115,1115,1115,1115,1115,1115,1115,1115,1115,1115,1115,1115,1115,1115,1115,1115,1115,1115,1115,1115,1115,1115,1115,1115,1115,1115,1115,1115,1115,1115,1115,1115,1115,1115,1115,1115,1115,1115,1115,1115,1115,1115,1115,1115,1115,1115,1115,1115,1115,1115,1115,1115,0,0,0,0,0,0,0,0,0,0,0,0,0,0,0,0,0,0,0,0,0,0,0,0,0,0,0,0,0,0,0,0,0,0,0,0,0,0,0,0,0,0,0,0,0,0,0,0,0,0,0
SNF098,0,0,0,0,0,0,0,0,0,0,0,0,0,0,0,0,0,0,0,0,0,0,0,0,0,0,0,0,0,0,1115,1115,1115,1115,1115,1115,1115,1115,1115,1115,1115,1115,1115,1115,1115,1115,1115,1115,1115,1115,1115,1115,1115,1115,1115,1115,1115,1115,1115,1115,1115,1115,1115,1115,1115,1115,1115,1115,1115,1115,1115,1115,1115,1115,1115,1115,1115,1115,1115,1115,1115,1115,1115,1115,1115,1115,1115,1115,1115,1115,1115,1115,1115,1115,1115,1115,1115,1115,1115,1115,1115,1115,1115,1115,1115,1115,1115,1115,1115,1115,1115,1115,1115,1115,1115,1115,1115,1115,1115,1115,1115,1115,1115,1115,1115,1115,1115,1115,1115,1115,1115,1115,1115,1115,1115,1115,1115,1115,1115,1115,1115,1115,1115,1115,1115,1115,1115,1115,1115,0,0,0,0,0,0,0,0,0,0,0,0,0,0,0,0,0,0,0,0,0,0,0,0,0,0,0,0,0,0,0,0,0,0,0,0,0,0,0,0,0,0,0,0,0,0,0,0,0,0,0
SNF099,0,0,0,0,0,0,0,0,0,0,0,0,0,0,0,0,0,0,0,0,0,0,0,0,0,0,0,0,0,0,1115,1115,1115,1115,1115,1115,1115,1115,1115,1115,1115,1115,1115,1115,1115,1115,1115,1115,1115,1115,1115,1115,1115,1115,1115,1115,1115,1115,1115,1115,1115,1115,1115,1115,1115,1115,1115,1115,1115,1115,1115,1115,1115,1115,1115,1115,1115,1115,1115,1115,1115,1115,1115,1115,1115,1115,1115,1115,1115,1115,1115,1115,1115,1115,1115,1115,1115,1115,1115,1115,1115,1115,1115,1115,1115,1115,1115,1115,1115,1115,1115,1115,1115,1115,1115,1115,1115,1115,1115,1115,1115,1115,1115,1115,1115,1115,1115,1115,1115,1115,1115,1115,1115,1115,1115,1115,1115,1115,1115,1115,1115,1115,1115,1115,1115,1115,1115,1115,1115,0,0,0,0,0,0,0,0,0,0,0,0,0,0,0,0,0,0,0,0,0,0,0,0,0,0,0,0,0,0,0,0,0,0,0,0,0,0,0,0,0,0,0,0,0,0,0,0,0,0,0
SNF100,0,0,0,0,0,0,0,0,0,0,0,0,0,0,0,0,0,0,0,0,0,0,0,0,0,0,0,0,0,0,1115,1115,1115,1115,1115,1115,1115,1115,1115,1115,1115,1115,1115,1115,1115,1115,1115,1115,1115,1115,1115,1115,1115,1115,1115,1115,1115,1115,1115,1115,1115,1115,1115,1115,1115,1115,1115,1115,1115,1115,1115,1115,1115,1115,1115,1115,1115,1115,1115,1115,1115,1115,1115,1115,1115,1115,1115,1115,1115,1115,1115,1115,1115,1115,1115,1115,1115,1115,1115,1115,1115,1115,1115,1115,1115,1115,1115,1115,1115,1115,1115,1115,1115,1115,1115,1115,1115,1115,1115,1115,1115,1115,1115,1115,1115,1115,1115,1115,1115,1115,1115,1115,1115,1115,1115,1115,1115,1115,1115,1115,1115,1115,1115,1115,1115,1115,1115,1115,1115,0,0,0,0,0,0,0,0,0,0,0,0,0,0,0,0,0,0,0,0,0,0,0,0,0,0,0,0,0,0,0,0,0,0,0,0,0,0,0,0,0,0,0,0,0,0,0,0,0,0,0
SNF101,0,0,0,0,0,0,0,0,0,0,0,0,0,0,0,0,0,0,0,0,0,0,0,0,0,0,0,0,0,0,1115,1115,1115,1115,1115,1115,1115,1115,1115,1115,1115,1115,1115,1115,1115,1115,1115,1115,1115,1115,1115,1115,1115,1115,1115,1115,1115,1115,1115,1115,1115,1115,1115,1115,1115,1115,1115,1115,1115,1115,1115,1115,1115,1115,1115,1115,1115,1115,1115,1115,1115,1115,1115,1115,1115,1115,1115,1115,1115,1115,1115,1115,1115,1115,1115,1115,1115,1115,1115,1115,1115,1115,1115,1115,1115,1115,1115,1115,1115,1115,1115,1115,1115,1115,1115,1115,1115,1115,1115,1115,1115,1115,1115,1115,1115,1115,1115,1115,1115,1115,1115,1115,1115,1115,1115,1115,1115,1115,1115,1115,1115,1115,1115,1115,1115,1115,1115,1115,1115,0,0,0,0,0,0,0,0,0,0,0,0,0,0,0,0,0,0,0,0,0,0,0,0,0,0,0,0,0,0,0,0,0,0,0,0,0,0,0,0,0,0,0,0,0,0,0,0,0,0,0
SNF102,0,0,0,0,0,0,0,0,0,0,0,0,0,0,0,0,0,0,0,0,0,0,0,0,0,0,0,0,0,0,1115,1115,1115,1115,1115,1115,1115,1115,1115,1115,1115,1115,1115,1115,1115,1115,1115,1115,1115,1115,1115,1115,1115,1115,1115,1115,1115,1115,1115,1115,1115,1115,1115,1115,1115,1115,1115,1115,1115,1115,1115,1115,1115,1115,1115,1115,1115,1115,1115,1115,1115,1115,1115,1115,1115,1115,1115,1115,1115,1115,1115,1115,1115,1115,1115,1115,1115,1115,1115,1115,1115,1115,1115,1115,1115,1115,1115,1115,1115,1115,1115,1115,1115,1115,1115,1115,1115,1115,1115,1115,1115,1115,1115,1115,1115,1115,1115,1115,1115,1115,1115,1115,1115,1115,1115,1115,1115,1115,1115,1115,1115,1115,1115,1115,1115,1115,1115,1115,1115,0,0,0,0,0,0,0,0,0,0,0,0,0,0,0,0,0,0,0,0,0,0,0,0,0,0,0,0,0,0,0,0,0,0,0,0,0,0,0,0,0,0,0,0,0,0,0,0,0,0,0
SNF103,0,0,0,0,0,0,0,0,0,0,0,0,0,0,0,0,0,0,0,0,0,0,0,0,0,0,0,0,0,0,1115,1115,1115,1115,1115,1115,1115,1115,1115,1115,1115,1115,1115,1115,1115,1115,1115,1115,1115,1115,1115,1115,1115,1115,1115,1115,1115,1115,1115,1115,1115,1115,1115,1115,1115,1115,1115,1115,1115,1115,1115,1115,1115,1115,1115,1115,1115,1115,1115,1115,1115,1115,1115,1115,1115,1115,1115,1115,1115,1115,1115,1115,1115,1115,1115,1115,1115,1115,1115,1115,1115,1115,1115,1115,1115,1115,1115,1115,1115,1115,1115,1115,1115,1115,1115,1115,1115,1115,1115,1115,1115,1115,1115,1115,1115,1115,1115,1115,1115,1115,1115,1115,1115,1115,1115,1115,1115,1115,1115,1115,1115,1115,1115,1115,1115,1115,1115,1115,1115,0,0,0,0,0,0,0,0,0,0,0,0,0,0,0,0,0,0,0,0,0,0,0,0,0,0,0,0,0,0,0,0,0,0,0,0,0,0,0,0,0,0,0,0,0,0,0,0,0,0,0
SNF104,0,0,0,0,0,0,0,0,0,0,0,0,0,0,0,0,0,0,0,0,0,0,0,0,0,0,0,0,0,0,1115,1115,1115,1115,1115,1115,1115,1115,1115,1115,1115,1115,1115,1115,1115,1115,1115,1115,1115,1115,1115,1115,1115,1115,1115,1115,1115,1115,1115,1115,1115,1115,1115,1115,1115,1115,1115,1115,1115,1115,1115,1115,1115,1115,1115,1115,1115,1115,1115,1115,1115,1115,1115,1115,1115,1115,1115,1115,1115,1115,1115,1115,1115,1115,1115,1115,1115,1115,1115,1115,1115,1115,1115,1115,1115,1115,1115,1115,1115,1115,1115,1115,1115,1115,1115,1115,1115,1115,1115,1115,1115,1115,1115,1115,1115,1115,1115,1115,1115,1115,1115,1115,1115,1115,1115,1115,1115,1115,1115,1115,1115,1115,1115,1115,1115,1115,1115,1115,1115,0,0,0,0,0,0,0,0,0,0,0,0,0,0,0,0,0,0,0,0,0,0,0,0,0,0,0,0,0,0,0,0,0,0,0,0,0,0,0,0,0,0,0,0,0,0,0,0,0,0,0
SNF105,0,0,0,0,0,0,0,0,0,0,0,0,0,0,0,0,0,0,0,0,0,0,0,0,0,0,0,0,0,0,1115,1115,1115,1115,1115,1115,1115,1115,1115,1115,1115,1115,1115,1115,1115,1115,1115,1115,1115,1115,1115,1115,1115,1115,1115,1115,1115,1115,1115,1115,1115,1115,1115,1115,1115,1115,1115,1115,1115,1115,1115,1115,1115,1115,1115,1115,1115,1115,1115,1115,1115,1115,1115,1115,1115,1115,1115,1115,1115,1115,1115,1115,1115,1115,1115,1115,1115,1115,1115,1115,1115,1115,1115,1115,1115,1115,1115,1115,1115,1115,1115,1115,1115,1115,1115,1115,1115,1115,1115,1115,1115,1115,1115,1115,1115,1115,1115,1115,1115,1115,1115,1115,1115,1115,1115,1115,1115,1115,1115,1115,1115,1115,1115,1115,1115,1115,1115,1115,1115,0,0,0,0,0,0,0,0,0,0,0,0,0,0,0,0,0,0,0,0,0,0,0,0,0,0,0,0,0,0,0,0,0,0,0,0,0,0,0,0,0,0,0,0,0,0,0,0,0,0,0
SNF106,0,0,0,0,0,0,0,0,0,0,0,0,0,0,0,0,0,0,0,0,0,0,0,0,0,0,0,0,0,0,1115,1115,1115,1115,1115,1115,1115,1115,1115,1115,1115,1115,1115,1115,1115,1115,1115,1115,1115,1115,1115,1115,1115,1115,1115,1115,1115,1115,1115,1115,1115,1115,1115,1115,1115,1115,1115,1115,1115,1115,1115,1115,1115,1115,1115,1115,1115,1115,1115,1115,1115,1115,1115,1115,1115,1115,1115,1115,1115,1115,1115,1115,1115,1115,1115,1115,1115,1115,1115,1115,1115,1115,1115,1115,1115,1115,1115,1115,1115,1115,1115,1115,1115,1115,1115,1115,1115,1115,1115,1115,1115,1115,1115,1115,1115,1115,1115,1115,1115,1115,1115,1115,1115,1115,1115,1115,1115,1115,1115,1115,1115,1115,1115,1115,1115,1115,1115,1115,1115,0,0,0,0,0,0,0,0,0,0,0,0,0,0,0,0,0,0,0,0,0,0,0,0,0,0,0,0,0,0,0,0,0,0,0,0,0,0,0,0,0,0,0,0,0,0,0,0,0,0,0
SNF107,0,0,0,0,0,0,0,0,0,0,0,0,0,0,0,0,0,0,0,0,0,0,0,0,0,0,0,0,0,0,1115,1115,1115,1115,1115,1115,1115,1115,1115,1115,1115,1115,1115,1115,1115,1115,1115,1115,1115,1115,1115,1115,1115,1115,1115,1115,1115,1115,1115,1115,1115,1115,1115,1115,1115,1115,1115,1115,1115,1115,1115,1115,1115,1115,1115,1115,1115,1115,1115,1115,1115,1115,1115,1115,1115,1115,1115,1115,1115,1115,1115,1115,1115,1115,1115,1115,1115,1115,1115,1115,1115,1115,1115,1115,1115,1115,1115,1115,1115,1115,1115,1115,1115,1115,1115,1115,1115,1115,1115,1115,1115,1115,1115,1115,1115,1115,1115,1115,1115,1115,1115,1115,1115,1115,1115,1115,1115,1115,1115,1115,1115,1115,1115,1115,1115,1115,1115,1115,1115,0,0,0,0,0,0,0,0,0,0,0,0,0,0,0,0,0,0,0,0,0,0,0,0,0,0,0,0,0,0,0,0,0,0,0,0,0,0,0,0,0,0,0,0,0,0,0,0,0,0,0
SNF108,0,0,0,0,0,0,0,0,0,0,0,0,0,0,0,0,0,0,0,0,0,0,0,0,0,0,0,0,0,0,1115,1115,1115,1115,1115,1115,1115,1115,1115,1115,1115,1115,1115,1115,1115,1115,1115,1115,1115,1115,1115,1115,1115,1115,1115,1115,1115,1115,1115,1115,1115,1115,1115,1115,1115,1115,1115,1115,1115,1115,1115,1115,1115,1115,1115,1115,1115,1115,1115,1115,1115,1115,1115,1115,1115,1115,1115,1115,1115,1115,1115,1115,1115,1115,1115,1115,1115,1115,1115,1115,1115,1115,1115,1115,1115,1115,1115,1115,1115,1115,1115,1115,1115,1115,1115,1115,1115,1115,1115,1115,1115,1115,1115,1115,1115,1115,1115,1115,1115,1115,1115,1115,1115,1115,1115,1115,1115,1115,1115,1115,1115,1115,1115,1115,1115,1115,1115,1115,1115,0,0,0,0,0,0,0,0,0,0,0,0,0,0,0,0,0,0,0,0,0,0,0,0,0,0,0,0,0,0,0,0,0,0,0,0,0,0,0,0,0,0,0,0,0,0,0,0,0,0,0
SNF109,0,0,0,0,0,0,0,0,0,0,0,0,0,0,0,0,0,0,0,0,0,0,0,0,0,0,0,0,0,0,0,0,0,0,0,0,0,0,0,0,0,0,0,0,0,0,0,0,0,0,0,0,0,0,0,0,0,0,0,0,0,0,0,0,0,0,0,0,0,0,0,0,0,0,0,0,0,0,0,0,0,0,0,0,0,0,0,0,0,0,0,0,0,0,0,0,0,0,0,0,0,0,0,0,0,0,0,0,0,0,0,0,0,0,0,0,0,0,0,0,0,0,0,0,0,0,0,0,0,0,0,0,0,0,0,0,0,0,0,0,0,0,0,0,0,0,0,0,0,0,0,0,0,0,0,0,0,0,0,0,0,0,0,0,0,0,0,0,0,0,0,0,0,0,0,0,0,0,0,0,0,0,0,0,0,0,0,0,0,0,0,0,0,0,0,0,0,0,0,0
SNF110,0,0,0,0,0,0,0,0,0,0,0,0,0,0,0,0,0,0,0,0,0,0,0,0,0,0,0,0,0,0,0,0,0,0,0,0,0,0,0,0,0,0,0,0,0,0,0,0,0,0,0,0,0,0,0,0,0,0,0,0,0,0,0,0,0,0,0,0,0,0,0,0,0,0,0,0,0,0,0,0,0,0,0,0,0,0,0,0,0,0,0,0,0,0,0,0,0,0,0,0,0,0,0,0,0,0,0,0,0,0,0,0,0,0,0,0,0,0,0,0,0,0,0,0,0,0,0,0,0,0,0,0,0,0,0,0,0,0,0,0,0,0,0,0,0,0,0,0,0,0,0,0,0,0,0,0,0,0,0,0,0,0,0,0,0,0,0,0,0,0,0,0,0,0,0,0,0,0,0,0,0,0,0,0,0,0,0,0,0,0,0,0,0,0,0,0,0,0,0,0
SNF111,0,0,0,0,0,0,0,0,0,0,0,0,0,0,0,0,0,0,0,0,0,0,0,0,0,0,0,0,0,0,0,0,0,0,0,0,0,0,0,0,0,0,0,0,0,0,0,0,0,0,0,0,0,0,0,0,0,0,0,0,0,0,0,0,0,0,0,0,0,0,0,0,0,0,0,0,0,0,0,0,0,0,0,0,0,0,0,0,0,0,0,0,0,0,0,0,0,0,0,0,0,0,0,0,0,0,0,0,0,0,0,0,0,0,0,0,0,0,0,0,0,0,0,0,0,0,0,0,0,0,0,0,0,0,0,0,0,0,0,0,0,0,0,0,0,0,0,0,0,0,0,0,0,0,0,0,0,0,0,0,0,0,0,0,0,0,0,0,0,0,0,0,0,0,0,0,0,0,0,0,0,0,0,0,0,0,0,0,0,0,0,0,0,0,0,0,0,0,0,0
SNF112,0,0,0,0,0,0,0,0,0,0,0,0,0,0,0,0,0,0,0,0,0,0,0,0,0,0,0,0,0,0,0,0,0,0,0,0,0,0,0,0,0,0,0,0,0,0,0,0,0,0,0,0,0,0,0,0,0,0,0,0,0,0,0,0,0,0,0,0,0,0,0,0,0,0,0,0,0,0,0,0,0,0,0,0,0,0,0,0,0,0,0,0,0,0,0,0,0,0,0,0,0,0,0,0,0,0,0,0,0,0,0,0,0,0,0,0,0,0,0,0,0,0,0,0,0,0,0,0,0,0,0,0,0,0,0,0,0,0,0,0,0,0,0,0,0,0,0,0,0,0,0,0,0,0,0,0,0,0,0,0,0,0,0,0,0,0,0,0,0,0,0,0,0,0,0,0,0,0,0,0,0,0,0,0,0,0,0,0,0,0,0,0,0,0,0,0,0,0,0,0
SNF113,0,0,0,0,0,0,0,0,0,0,0,0,0,0,0,0,0,0,0,0,0,0,0,0,0,0,0,0,0,0,0,0,0,0,0,0,0,0,0,0,0,0,0,0,0,0,0,0,0,0,0,0,0,0,0,0,0,0,0,0,0,0,0,0,0,0,0,0,0,0,0,0,0,0,0,0,0,0,0,0,0,0,0,0,0,0,0,0,0,0,0,0,0,0,0,0,0,0,0,0,0,0,0,0,0,0,0,0,0,0,0,0,0,0,0,0,0,0,0,0,0,0,0,0,0,0,0,0,0,0,0,0,0,0,0,0,0,0,0,0,0,0,0,0,0,0,0,0,0,0,0,0,0,0,0,0,0,0,0,0,0,0,0,0,0,0,0,0,0,0,0,0,0,0,0,0,0,0,0,0,0,0,0,0,0,0,0,0,0,0,0,0,0,0,0,0,0,0,0,0
SNF114,0,0,0,0,0,0,0,0,0,0,0,0,0,0,0,0,0,0,0,0,0,0,0,0,0,0,0,0,0,0,0,0,0,0,0,0,0,0,0,0,0,0,0,0,0,0,0,0,0,0,0,0,0,0,0,0,0,0,0,0,0,0,0,0,0,0,0,0,0,0,0,0,0,0,0,0,0,0,0,0,0,0,0,0,0,0,0,0,0,0,0,0,0,0,0,0,0,0,0,0,0,0,0,0,0,0,0,0,0,0,0,0,0,0,0,0,0,0,0,0,0,0,0,0,0,0,0,0,0,0,0,0,0,0,0,0,0,0,0,0,0,0,0,0,0,0,0,0,0,0,0,0,0,0,0,0,0,0,0,0,0,0,0,0,0,0,0,0,0,0,0,0,0,0,0,0,0,0,0,0,0,0,0,0,0,0,0,0,0,0,0,0,0,0,0,0,0,0,0,0
SNF115,0,0,0,0,0,0,0,0,0,0,0,0,0,0,0,0,0,0,0,0,0,0,0,0,0,0,0,0,0,0,0,0,0,0,0,0,0,0,0,0,0,0,0,0,0,0,0,0,0,0,0,0,0,0,0,0,0,0,0,0,0,0,0,0,0,0,0,0,0,0,0,0,0,0,0,0,0,0,0,0,0,0,0,0,0,0,0,0,0,0,0,0,0,0,0,0,0,0,0,0,0,0,0,0,0,0,0,0,0,0,0,0,0,0,0,0,0,0,0,0,0,0,0,0,0,0,0,0,0,0,0,0,0,0,0,0,0,0,0,0,0,0,0,0,0,0,0,0,0,0,0,0,0,0,0,0,0,0,0,0,0,0,0,0,0,0,0,0,0,0,0,0,0,0,0,0,0,0,0,0,0,0,0,0,0,0,0,0,0,0,0,0,0,0,0,0,0,0,0,0
SNF116,0,0,0,0,0,0,0,0,0,0,0,0,0,0,0,0,0,0,0,0,0,0,0,0,0,0,0,0,0,0,0,0,0,0,0,0,0,0,0,0,0,0,0,0,0,0,0,0,0,0,0,0,0,0,0,0,0,0,0,0,0,0,0,0,0,0,0,0,0,0,0,0,0,0,0,0,0,0,0,0,0,0,0,0,0,0,0,0,0,0,0,0,0,0,0,0,0,0,0,0,0,0,0,0,0,0,0,0,0,0,0,0,0,0,0,0,0,0,0,0,0,0,0,0,0,0,0,0,0,0,0,0,0,0,0,0,0,0,0,0,0,0,0,0,0,0,0,0,0,0,0,0,0,0,0,0,0,0,0,0,0,0,0,0,0,0,0,0,0,0,0,0,0,0,0,0,0,0,0,0,0,0,0,0,0,0,0,0,0,0,0,0,0,0,0,0,0,0,0,0
SNF117,0,0,0,0,0,0,0,0,0,0,0,0,0,0,0,0,0,0,0,0,0,0,0,0,0,0,0,0,0,0,0,0,0,0,0,0,0,0,0,0,0,0,0,0,0,0,0,0,0,0,0,0,0,0,0,0,0,0,0,0,0,0,0,0,0,0,0,0,0,0,0,0,0,0,0,0,0,0,0,0,0,0,0,0,0,0,0,0,0,0,0,0,0,0,0,0,0,0,0,0,0,0,0,0,0,0,0,0,0,0,0,0,0,0,0,0,0,0,0,0,0,0,0,0,0,0,0,0,0,0,0,0,0,0,0,0,0,0,0,0,0,0,0,0,0,0,0,0,0,0,0,0,0,0,0,0,0,0,0,0,0,0,0,0,0,0,0,0,0,0,0,0,0,0,0,0,0,0,0,0,0,0,0,0,0,0,0,0,0,0,0,0,0,0,0,0,0,0,0,0
SNF118,0,0,0,0,0,0,0,0,0,0,0,0,0,0,0,0,0,0,0,0,0,0,0,0,0,0,0,0,0,0,0,0,0,0,0,0,0,0,0,0,0,0,0,0,0,0,0,0,0,0,0,0,0,0,0,0,0,0,0,0,0,0,0,0,0,0,0,0,0,0,0,0,0,0,0,0,0,0,0,0,0,0,0,0,0,0,0,0,0,0,0,0,0,0,0,0,0,0,0,0,0,0,0,0,0,0,0,0,0,0,0,0,0,0,0,0,0,0,0,0,0,0,0,0,0,0,0,0,0,0,0,0,0,0,0,0,0,0,0,0,0,0,0,0,0,0,0,0,0,0,0,0,0,0,0,0,0,0,0,0,0,0,0,0,0,0,0,0,0,0,0,0,0,0,0,0,0,0,0,0,0,0,0,0,0,0,0,0,0,0,0,0,0,0,0,0,0,0,0,0
SNF119,0,0,0,0,0,0,0,0,0,0,0,0,0,0,0,0,0,0,0,0,0,0,0,0,0,0,0,0,0,0,0,0,0,0,0,0,0,0,0,0,0,0,0,0,0,0,0,0,0,0,0,0,0,0,0,0,0,0,0,0,0,0,0,0,0,0,0,0,0,0,0,0,0,0,0,0,0,0,0,0,0,0,0,0,0,0,0,0,0,0,0,0,0,0,0,0,0,0,0,0,0,0,0,0,0,0,0,0,0,0,0,0,0,0,0,0,0,0,0,0,0,0,0,0,0,0,0,0,0,0,0,0,0,0,0,0,0,0,0,0,0,0,0,0,0,0,0,0,0,0,0,0,0,0,0,0,0,0,0,0,0,0,0,0,0,0,0,0,0,0,0,0,0,0,0,0,0,0,0,0,0,0,0,0,0,0,0,0,0,0,0,0,0,0,0,0,0,0,0,0
SNF120,0,0,0,0,0,0,0,0,0,0,0,0,0,0,0,0,0,0,0,0,0,0,0,0,0,0,0,0,0,0,0,0,0,0,0,0,0,0,0,0,0,0,0,0,0,0,0,0,0,0,0,0,0,0,0,0,0,0,0,0,0,0,0,0,0,0,0,0,0,0,0,0,0,0,0,0,0,0,0,0,0,0,0,0,0,0,0,0,0,0,0,0,0,0,0,0,0,0,0,0,0,0,0,0,0,0,0,0,0,0,0,0,0,0,0,0,0,0,0,0,0,0,0,0,0,0,0,0,0,0,0,0,0,0,0,0,0,0,0,0,0,0,0,0,0,0,0,0,0,0,0,0,0,0,0,0,0,0,0,0,0,0,0,0,0,0,0,0,0,0,0,0,0,0,0,0,0,0,0,0,0,0,0,0,0,0,0,0,0,0,0,0,0,0,0,0,0,0,0,0
